{
  "by_model": {
    "gemma4_26b_moe": {
      "scores": [
        1.0,
        1.0,
        1.0,
        1.0,
        1.0,
        0.85,
        0.79,
        0.61,
        0.61,
        0.79,
        0.65,
        0.9,
        0.8,
        0.9,
        0.7
      ],
      "costs": [
        0.00024546,
        0.00024455,
        0.00024468,
        0.00024364,
        0.00024351,
        0.00016105,
        0.00024585,
        9.758e-05,
        0.00019973,
        0.00019946,
        8.82e-06,
        2.841e-05,
        1.441e-05,
        2.878e-05,
        2.883e-05
      ],
      "latencies": [
        11.104,
        3.703,
        3.512,
        3.564,
        3.565,
        5.876,
        5.874,
        7.64,
        2.938,
        6.187,
        0.664,
        1.42,
        1.086,
        1.228,
        1.036
      ],
      "tokens_out": [
        600,
        600,
        600,
        600,
        600,
        388,
        600,
        229,
        486,
        485,
        11,
        59,
        24,
        57,
        62
      ],
      "avg_score": 0.84,
      "total_cost_usd": 0.00223476,
      "avg_latency_s": 3.96,
      "avg_tokens_out": 360.1,
      "score_per_dollar": 375.8793,
      "total_prompts": 15
    },
    "qwen35_27b": {
      "scores": [
        1.0,
        1.0,
        0.55,
        1.0,
        1.0,
        0.79,
        0.0,
        0.0,
        0.0,
        0.67,
        0.65,
        0.0,
        0.8,
        0.8,
        0.7
      ],
      "costs": [
        0.00121368,
        0.00132425,
        0.00094224,
        0.00105943,
        0.00117468,
        0.00200655,
        0.0,
        0.0,
        0.0,
        0.00372821,
        0.00193421,
        0.0,
        0.00985998,
        0.00531239,
        0.00178874
      ],
      "latencies": [
        6.937,
        10.922,
        5.502,
        6.251,
        9.054,
        13.902,
        0.0,
        0.0,
        0.0,
        25.455,
        11.958,
        0.0,
        67.305,
        60.408,
        11.057
      ],
      "tokens_out": [
        773,
        845,
        600,
        676,
        750,
        1281,
        0,
        0,
        0,
        2385,
        1236,
        0,
        6316,
        3400,
        1143
      ],
      "avg_score": 0.5973,
      "total_cost_usd": 0.03034436,
      "avg_latency_s": 15.25,
      "avg_tokens_out": 1293.7,
      "score_per_dollar": 19.6841,
      "total_prompts": 15
    }
  },
  "by_category": {
    "coding": {
      "gemma4_26b_moe": {
        "scores": [
          1.0,
          1.0,
          1.0,
          1.0,
          1.0
        ],
        "costs": [
          0.00024546,
          0.00024455,
          0.00024468,
          0.00024364,
          0.00024351
        ],
        "avg_score": 1.0,
        "total_cost_usd": 0.00122184
      },
      "qwen35_27b": {
        "scores": [
          1.0,
          1.0,
          0.55,
          1.0,
          1.0
        ],
        "costs": [
          0.00121368,
          0.00132425,
          0.00094224,
          0.00105943,
          0.00117468
        ],
        "avg_score": 0.91,
        "total_cost_usd": 0.00571428
      }
    },
    "reasoning": {
      "gemma4_26b_moe": {
        "scores": [
          0.85,
          0.79,
          0.61,
          0.61,
          0.79
        ],
        "costs": [
          0.00016105,
          0.00024585,
          9.758e-05,
          0.00019973,
          0.00019946
        ],
        "avg_score": 0.73,
        "total_cost_usd": 0.00090367
      },
      "qwen35_27b": {
        "scores": [
          0.79,
          0.0,
          0.0,
          0.0,
          0.67
        ],
        "costs": [
          0.00200655,
          0.0,
          0.0,
          0.0,
          0.00372821
        ],
        "avg_score": 0.292,
        "total_cost_usd": 0.00573476
      }
    },
    "instruction_following": {
      "gemma4_26b_moe": {
        "scores": [
          0.65,
          0.9,
          0.8,
          0.9,
          0.7
        ],
        "costs": [
          8.82e-06,
          2.841e-05,
          1.441e-05,
          2.878e-05,
          2.883e-05
        ],
        "avg_score": 0.79,
        "total_cost_usd": 0.00010925
      },
      "qwen35_27b": {
        "scores": [
          0.65,
          0.0,
          0.8,
          0.8,
          0.7
        ],
        "costs": [
          0.00193421,
          0.0,
          0.00985998,
          0.00531239,
          0.00178874
        ],
        "avg_score": 0.59,
        "total_cost_usd": 0.01889532
      }
    }
  },
  "model_info": {
    "gemma4_26b_moe": {
      "name": "Gemma 4 26B MoE",
      "params": "26B (4B active)",
      "arch": "MoE"
    },
    "qwen35_27b": {
      "name": "Qwen 3.5 27B",
      "params": "27B dense",
      "arch": "Dense"
    }
  }
}