{
  "by_model": {
    "gemma4_26b_moe": {
      "scores": [
        1.0,
        1.0,
        1.0,
        1.0,
        1.0,
        0.85,
        0.79,
        0.61,
        0.61,
        0.79,
        0.65,
        0.9,
        0.8,
        0.9,
        0.7
      ],
      "costs": [
        0.00024546,
        0.00024455,
        0.00024468,
        0.00024364,
        0.00024351,
        0.00016145,
        0.00024585,
        9.678e-05,
        0.00020453,
        0.00021146,
        8.82e-06,
        2.841e-05,
        1.441e-05,
        2.878e-05,
        2.883e-05
      ],
      "latencies": [
        26.01,
        17.21,
        31.987,
        12.501,
        27.444,
        6.499,
        13.814,
        29.6,
        23.749,
        14.098,
        1.077,
        2.461,
        1.089,
        2.531,
        2.406
      ],
      "tokens_out": [
        600,
        600,
        600,
        600,
        600,
        389,
        600,
        227,
        498,
        515,
        11,
        59,
        24,
        57,
        62
      ],
      "avg_score": 0.84,
      "total_cost_usd": 0.00225116,
      "avg_latency_s": 14.165,
      "avg_tokens_out": 362.8,
      "score_per_dollar": 373.141,
      "total_prompts": 15
    },
    "qwen35_27b": {
      "scores": [
        1.0,
        1.0,
        1.0,
        1.0,
        1.0,
        0.73,
        0.79,
        0.73,
        0.67,
        0.73,
        0.65,
        0.75,
        0.75,
        0.8,
        0.7
      ],
      "costs": [
        0.00121368,
        0.00132425,
        0.00179088,
        0.00105943,
        0.00117468,
        0.00094419,
        0.00247611,
        0.00305195,
        0.01034241,
        0.00339125,
        0.00211049,
        0.00094263,
        0.00094302,
        0.00573671,
        0.00195721
      ],
      "latencies": [
        7.104,
        15.882,
        10.938,
        8.275,
        11.382,
        5.475,
        15.51,
        25.044,
        76.193,
        23.995,
        22.634,
        11.367,
        15.182,
        41.306,
        23.791
      ],
      "tokens_out": [
        773,
        845,
        1144,
        676,
        750,
        600,
        1582,
        1951,
        6625,
        2169,
        1349,
        600,
        600,
        3672,
        1251
      ],
      "avg_score": 0.82,
      "total_cost_usd": 0.03845889,
      "avg_latency_s": 20.939,
      "avg_tokens_out": 1639.1,
      "score_per_dollar": 21.3215,
      "total_prompts": 15
    }
  },
  "by_category": {
    "coding": {
      "gemma4_26b_moe": {
        "scores": [
          1.0,
          1.0,
          1.0,
          1.0,
          1.0
        ],
        "costs": [
          0.00024546,
          0.00024455,
          0.00024468,
          0.00024364,
          0.00024351
        ],
        "avg_score": 1.0,
        "total_cost_usd": 0.00122184
      },
      "qwen35_27b": {
        "scores": [
          1.0,
          1.0,
          1.0,
          1.0,
          1.0
        ],
        "costs": [
          0.00121368,
          0.00132425,
          0.00179088,
          0.00105943,
          0.00117468
        ],
        "avg_score": 1.0,
        "total_cost_usd": 0.00656292
      }
    },
    "reasoning": {
      "gemma4_26b_moe": {
        "scores": [
          0.85,
          0.79,
          0.61,
          0.61,
          0.79
        ],
        "costs": [
          0.00016145,
          0.00024585,
          9.678e-05,
          0.00020453,
          0.00021146
        ],
        "avg_score": 0.73,
        "total_cost_usd": 0.00092007
      },
      "qwen35_27b": {
        "scores": [
          0.73,
          0.79,
          0.73,
          0.67,
          0.73
        ],
        "costs": [
          0.00094419,
          0.00247611,
          0.00305195,
          0.01034241,
          0.00339125
        ],
        "avg_score": 0.73,
        "total_cost_usd": 0.02020591
      }
    },
    "instruction_following": {
      "gemma4_26b_moe": {
        "scores": [
          0.65,
          0.9,
          0.8,
          0.9,
          0.7
        ],
        "costs": [
          8.82e-06,
          2.841e-05,
          1.441e-05,
          2.878e-05,
          2.883e-05
        ],
        "avg_score": 0.79,
        "total_cost_usd": 0.00010925
      },
      "qwen35_27b": {
        "scores": [
          0.65,
          0.75,
          0.75,
          0.8,
          0.7
        ],
        "costs": [
          0.00211049,
          0.00094263,
          0.00094302,
          0.00573671,
          0.00195721
        ],
        "avg_score": 0.73,
        "total_cost_usd": 0.01169006
      }
    }
  },
  "model_info": {
    "gemma4_26b_moe": {
      "name": "Gemma 4 26B MoE",
      "params": "26B (4B active)",
      "arch": "MoE"
    },
    "qwen35_27b": {
      "name": "Qwen 3.5 27B",
      "params": "27B dense",
      "arch": "Dense"
    }
  }
}